<?xml version="1.0" encoding="UTF-8"?>
<project-private xmlns="http://www.netbeans.org/ns/project-private/1">
    <editor-bookmarks xmlns="http://www.netbeans.org/ns/editor-bookmarks/2" lastBookmarkId="0"/>
    <open-files xmlns="http://www.netbeans.org/ns/projectui-open-files/2">
        <group>
            <file>file:/C:/xampp/htdocs/Telmex-VIP/assets/js/modules/cierre_ots.js</file>
            <file>file:/C:/xampp/htdocs/Telmex-VIP/application/controllers/OtPadre.php</file>
            <file>file:/C:/xampp/htdocs/Telmex-VIP/application/views/work_managementOtp.php</file>
            <file>file:/C:/xampp/htdocs/Telmex-VIP/assets/js/modules/moduleOtpadre.js</file>
            <file>file:/C:/xampp/htdocs/Telmex-VIP/application/views/cierre_ots.php</file>
            <file>file:/C:/xampp/htdocs/Telmex-VIP/application/models/data/Dao_ot_padre_model.php</file>
        </group>
    </open-files>
</project-private>
